{
  "total_trades": 558,
  "wins": 449,
  "losses": 109,
  "win_rate": 0.8046594982078853,
  "total_pnl": 12689.653001594856,
  "max_drawdown": -100.0,
  "best_trade": 146.23287671232873,
  "worst_trade": -25.0,
  "avg_pnl_per_trade": 22.741313622929848,
  "sharpe_ratio": 145.0442025737269,
  "profit_factor": 5.656753395080684
}
