{
  "total_trades": 749,
  "wins": 584,
  "losses": 165,
  "win_rate": 0.7797062750333779,
  "total_pnl": 19833.963902613854,
  "max_drawdown": -100.0,
  "best_trade": 158.8235294117647,
  "worst_trade": -25.0,
  "avg_pnl_per_trade": 26.480592660365627,
  "sharpe_ratio": 147.8265665622748,
  "profit_factor": 5.808233673360923
}
