{
  "total_trades": 646,
  "wins": 506,
  "losses": 140,
  "win_rate": 0.7832817337461301,
  "total_pnl": 14032.761653876167,
  "max_drawdown": -100.0,
  "best_trade": 117.85714285714283,
  "worst_trade": -25.0,
  "avg_pnl_per_trade": 21.722541259870226,
  "sharpe_ratio": 139.63424910750828,
  "profit_factor": 5.009360472536042
}
